Run,Energy (GeV),TT,Crystal,Table X,Table Y,eta,phi,Events,Comments
19076,100,14,0-110,21000,22000,18,6,50k,good run - finally centered
19128,110,14,0-110,21000,21100,18,6,11980,energy distribution ok
19129,150,14,0-110,21000,21100,18,6,31113,second peak on lower energy side seen on DQM ? suspecting corresponding to data acquired with different gains. Gain ratio used by DQM to be calibrated
19130,175,14,0-110,21000,21100,18,6,28237,
19131,200,14,0-110,21000,21100,18,6,33998,
19132,225,14,0-110,21000,21100,18,6,30900,
19133,250,14,0-110,21000,21100,18,6,23478,
19136,250,14,0-110,21000,21100,18,6,53735,"Scintillator S5 (""TriggerImput-5"", trigger board port 0)"
19137,250,14,0-110,21000,21100,18,6,13502,S5 back in. Shifted DAQ window (acquisition 50ns earlier). Run key version 39. beam stopped for access before the end of the run.
19139,250,14,0-110,21000,21100,18,6,22196,Removed the MCP.
19140,250,14,0-110,21000,21100,18,6,6823,Reconfigured LMB and launched LMB python script before starting the run. Blanket added on hodoscopes 1.
19141,250,14,0-110,21000,21100,18,6,7628,Changed position of beam jaw XCHV.022.452 and 453 -20; 20 -> -15; +15.
19142,250,14,0-110,21000,21100,18,6,8781,Change collimator collimator XCHV.022.452 and 453 aperture to -10; +10.
19143,250,14,0-110,21000,21100,18,6,1936,"Changed collimators XCSV.022.213, XCHV.022.196, and XCHV.022.197 from ±15 to ±10."
19144,250,14,0-110,21000,21100,18,6,,"Changed collimators XCSV.022.179, XCHV.022.130, and XCSH.022.068 from ±20 to ± 10."
19145,250,14,0-110,21000,21100,18,6,,Changed all collimators except momentum slit o ± 5
19146,250,14,0-110,21000,21100,18,6,,Played on collimators:
19147,250,14,0-110,21000,21100,18,6,,b) 196 179 to ±10
19148,250,14,0-110,21000,21100,18,6,,a) 453 452 213 197 to ±10
19149,250,14,0-110,21000,21100,18,6,,b) 196 179 to ±10
19150,250,14,0-110,21000,21100,18,6,,c) 130 to ±10
19151,250,14,0-110,21000,21100,18,6,,"d) 196 179 to ±5 => 10Hz trigger rate | e) 196 to ±10 => 32Hz | f) 196 to ±5 and 179 to ±10 => 15Hz | g) all ±10, exept momentum slit, to ±10 => 50Hz | e) 196 to ±5, others (except momentim slit) to ±10 => 20Hz | e) 196 to -10 +5, others (...) to ±10 => 20Hz | f) 196 to +1 +10, others (...) to ±10 => 38Hz | f) 196 to +1 +10, others (...) to ±10 => 38Hz | f) 197 to +5 +10, others (...) to ±10 => 17Hz | g) 197 to +5 +10, others (...) to ±10 => 17Hz | Removed metallic frames from hodospoces. Collimator setting (g)"
19158,100,43,1-014,74124,21100,53,6,52k,ok
19239,100,14,0-110,21009,20994,18,6,30k,error
19240,100,14,0-110,21009,20994,18,6,12k,no beam
19241,100,14,0-110,21009,20994,18,6,95k,
19243,100,14,0-110,20994,21108,18,6,120k,ok
19244,120,14,0-110,20994,21108,18,6,120k,ok
19245,30,14,0-110,20994,21108,18,6,120k,ok
19246,40,14,0-110,20994,21108,18,6,120k,ok
19247,60,14,0-110,20994,21108,18,6,120k,ok
19248,80,14,0-110,20994,21108,18,6,120k,ok
19249,150,14,0-110,20994,21108,18,6,120k,ok
19250,175,14,0-110,20994,21108,18,6,120k,ok
19251,200,14,0-110,20994,21108,18,6,120k,ok
19252,225,14,0-110,20994,21108,18,6,120k,ok
19253,250,14,0-110,20994,21108,18,6,120k,ok
19254,300,14,0-110,20994,21108,18,6,4k,error
19255,300,14,0-110,20994,21108,18,6,4k,error
19256,300,14,0-110,21000,21100,18,6,17k,Error at the end
19257,300,14,0-110,21000,21100,18,6,2k,Error at the end
19258,300,14,0-110,21000,21100,18,6,3k,Error at the end
19259,300,14,0-110,21000,21100,18,6,8k,Error at the end
19260,300,14,0-110,21000,21100,18,6,1k,Error at the end
19261,300,14,0-110,21000,21100,18,6,8k,Error at the end
19262,300,14,0-110,21000,21100,18,6,1k,Error at the end
19263,300,14,0-110,21000,21100,18,6,2k,Error at the end
19264,300,14,0-110,21000,21100,18,6,4k,Error at the end
19265,300,14,0-110,21000,21100,18,6,18k,Error at the end
19266,100,14,0-110,21000,21100,18,6,94k,Good run
19267,100,14,0-110,21000,21100,18,6,13k,Good run with beam config file 004
19268,100,14,0-110,21000,21100,18,6,15k?,Good run with beam config file 027
19269,100,14,0-110,21000,21100,18,6,28k,Good run with beam config file 028
19275,100,42,1-014,73900,21200,53,6,121k,Good run
19276,20,42,1-014,73900,21200,53,6,10k,Good run
19277,30,42,1-014,73900,21200,53,6,7k,Good run
19278,40,42,1-014,73900,21200,53,6,5k,Good run
19280,60,42,1-014,73900,21200,53,6,6k,Good run
19281,80,42,1-014,73900,21200,53,6,5k,Good run
19282,120,42,1-014,73900,21200,53,6,7k,Good run
19283,150,42,1-014,73900,21200,53,6,9k,Good run
19284,175,42,1-014,73900,21200,53,6,5k,Good run
19291,200,42,1-014,73900,21200,53,6,4k,Good events collected
19292,225,42,1-014,73900,21200,53,6,12k,Good events collected
19293,250,42,1-014,73900,21200,53,6,4.7k,Good events collected
19295,300,42,1-014,73900,21200,53,6,300,Good events  though RC in error
19296,100,42,1-014,73900,21200,53,6,9.3k,Everything looks okay   and the run dumped by Mattia's request
19300,100,42,1-014,73900,21200,53,6,41k,Hodo for all spills looks much better  but erro at the end
19313,150,42,1-014,73900,21200,53,6,~13k,Now events look better aligned at the center
19316,120,42,1-014,73900,21200,53,6,~55,No beam
19317,20,42,1-014,73900,21200,53,6,131k,good
19318,30,42,1-014,73900,21200,53,6,122k,good
19319,40,42,1-014,73900,21200,53,6,122k,good
19320,60,42,1-014,73900,21200,53,6,122k,good
19321,80,42,1-014,73900,21200,53,6,132k,good
19322,100,42,1-014,73900,21200,53,6,122k,good
19323,120,42,1-014,73900,21200,53,6,128k,Good events collected
19324,150,42,1-014,73900,21200,53,6,128k,Good events collected
19325,175,42,1-014,73900,21200,53,6,120k,Good events collected
19326,200,42,1-014,73900,21200,53,6,69k,GUI froze
19327,200,42,1-014,73900,21200,53,6,55k,Good events collected
19328,225,42,1-014,73900,21200,53,6,129k,Good events collected
19329,250,42,1-014,73900,21200,53,6,121k,LHC Fill; No timing received error; Registered as 225 GeV
19330,300,42,1-014,73900,21200,53,6,1k,error EB failed
19331,300,42,1-014,73900,21200,53,6,1.5k,error EB failed
19332,300,42,1-014,73886,21195,53,6,12k,error
19333,300,42,1-014,73886,21195,53,6,6k,error
19334,300,42,1-014,73886,21195,53,6,2k,error
19335,300,42,1-014,73886,21195,53,6,3k,error
19336,300,42,1-014,73866,21195,53,6,600,error
19337,300,42,1-014,73866,21195,53,6,2k,PS issue-no beam from ~10am to ~11am
19395,250,13/14,0-110/0-014,20803,20253,18,5/6,57k,gui crashed
19396,250,13/14,0-110/0-014,20803,20253,18,5/6,77k,sum this run with the previous
19397,200,13/14,0-110/0-014,20803,20253,18,5/6,120k,
19398,150,13/14,0-110/0-014,20803,20253,18,5/6,120k,
19399,100,13/14,0-110/0-014,20803,20253,18,5/6,124k,the beam shifted slighly towards the crystal 0-014
19400,80,13/14,0-110/0-014,20803,20253,18,5/6,110k,the beam is still slighly shifted towards the crystal 0-014
19402,60,13/14,0-110/0-014,20803,20253,18,5/6,120k,the beam very well centered between the two crystals
19403,40,13/14,0-110/0-014,20803,20253,18,5/6,119k,the beam shifted slighly towards the crystal 0-014
19404,20,13/14,0-110/0-014,20803,20253,18,5/6,124k,the beam is still slighly shifted towards the crystal 0-014
19405,30,13/14,0-110/0-014,20803,20253,18,5/6,107k,the beam is still slighly shifted towards the crystal 0-014
19407,120,13/14,0-110/0-014,20803,20253,18,5/6,120k,the beam is slighly shifted towards the crystal 0-110
19408,175,13/14,0-110/0-014,20803,20253,18,5/6,120k,the beam is slighly shifted towards the crystal 0-110
19409,225,13/14,0-110/0-014,20803,20253,18,5/6,131k,the beam is slighly shifted towards the crystal 0-110
19426,20,41/42,1-135/1-014,73917,20207,53,5/6,21k,error at the end
19428,20,41/42,1-135/1-014,73917,20207,53,5/6,41k,"ok, running without DR_BCP_PY-ndserver1.cern.ch-32, Busy-10, TriggerOutput-24"
19429,100,41/42,1-135/1-014,73917,20207,53,5/6,22k,"error at the end, running without DR_BCP_PY-ndserver1.cern.ch-32, Busy-10, TriggerOutput-24"
19430,100,41/42,1-135/1-014,73917,20207,53,5/6,28k,"error at the end, running without DR_BCP_PY-ndserver1.cern.ch-32, Busy-10, TriggerOutput-24"
19431,100,41/42,1-135/1-014,73917,20207,53,5/6,3k,"error at the end, running without DR_BCP_PY-ndserver1.cern.ch-32, Busy-10, TriggerOutput-24"
19432,100,41/42,1-135/1-014,73917,20207,53,5/6,116k,"error at the end, running without DR_BCP_PY-ndserver1.cern.ch-32, Busy-10, TriggerOutput-24"
19434,30,41/42,1-135/1-014,73917,20207,53,5/6,126k,"ok, running without DR_BCP_PY-ndserver1.cern.ch-32, Busy-10, TriggerOutput-24"
19435,40,41/42,1-135/1-014,73917,20207,53,5/6,168k,"ok, running without DR_BCP_PY-ndserver1.cern.ch-32, Busy-10, TriggerOutput-24"
19437,60,41/42,1-135/1-014,73917,20207,53,5/6,94k,"error at the end, running without DR_BCP_PY-ndserver1.cern.ch-32, Busy-10, TriggerOutput-24"
19438,60,41/42,1-135/1-014,73917,20207,53,5/6,20k,"ok, running without DR_BCP_PY-ndserver1.cern.ch-32, Busy-10, TriggerOutput-24"
19439,80,41/42,1-135/1-014,73900,20270,53,5/6,121k,looks ok
19440,120,41/42,1-135/1-014,73900,20270,53,5/6,29k,GUI went into error
19441,120,41/42,1-135/1-014,73900,20270,53,5/6,92k,ok
19442,150,41/42,1-135/1-014,73900,20270,53,5/6,40k,GUI went into error
19443,150,41/42,1-135/1-014,73900,20270,53,5/6,46k,GUI went into error
19444,150,41/42,1-135/1-014,73900,20270,53,5/6,few k,observed DQM issue and stopped the run
19445,150,41/42,1-135/1-014,73900,20270,53,5/6,57k,"looks okay after reconfiguring the electronics, GUI went into error at the end"
19446,150,41/42,1-135/1-014,73900,20270,53,5/6,14k,looks okay
19447,175,41/42,1-135/1-014,73900,20270,53,5/6,26k,"ok, GUI went into error"
19448,175,41/42,1-135/1-014,73900,20270,53,5/6,28k,"ok, went into error after a longer PS issue"
19449,175,41/42,1-135/1-014,73900,20270,53,5/6,11k,"ok, GUI crashed again"
19450,175,41/42,1-135/1-014,73900,20270,53,5/6,69k,ok
19451,200,41/42,1-135/1-014,73900,20270,53,5/6,120k,ok
19452,225,41/42,1-135/1-014,73900,20270,53,5/6,17k,"ok, GUI crashed"
19453,225,41/42,1-135/1-014,73900,20270,53,5/6,85k,"ok, GUI crashed"
19454,225,41/42,1-135/1-014,73900,20270,53,5/6,20k,ok
19455,250,41/42,1-135/1-014,73900,20270,53,5/6,53k,"ok, GUI crashed"
19457,250,41/42,1-135/1-014,73900,20270,53,5/6,46k,"ok, GUI crashed"
19458,250,41/42,1-135/1-014,73900,20270,53,5/6,20k,
19498,100,42,1-014,73807,21244,53,6,54k,
19513,100,14,0-110,21294,21195,18,6,50637,
19553,100,14,0-110,21294,21195,18,6,51332,
19554,100,14,0-110,21294,21195,18,6,50052,"C8 set to +/- 5mm, C3 set to +/- 10mm"
19555,100,14,0-110,21294,21195,18,6,38580,"C8 set to +/- 3mm, C3 set to +/- 10mm Gui crashed"
19556,100,14,0-110,21294,21195,18,6,12629,"C8 set to +/- 3mm, C3 set to +/- 10mm"
19557,100,14,0-110,21294,21195,18,6,18144,"C8 set to +/- 3mm, C3 set to -3.0, +3.1mm Gui crashed"
19558,100,14,0-110,21294,21195,18,6,32662,"C8 set to +/- 3mm, C3 set to -3.0, +3.1mm"
19559,100,14,0-110,21294,21195,18,6,50071,"C8 set to +/- 5.0mm, C3 set to -4.9, +4.9mm"
19560,100,14,0-110,21294,21195,18,6,72059,"C8 set to +/- 10mm, C3 set to +/- 10mm"
19561,250,14,0-110,21294,21195,18,6,2212,"C8(+/-12mm) C3(+/-20mm),beam interruption during the run"
19562,250,14,0-110,21294,21195,18,6,10099,C8(+/-12to6mm)-C3(+/-20to10to5mm)changed drng the run
19563,200,14,0-110,21294,21195,18,6,48335,C8(+/-10mm)-C3(+/-10mm)
19564,200,14,0-110,21294,21195,18,6,120315,C8(+/-3mm)-C3(+/-3mm)
19565,175,14,0-110,21294,21195,18,6,67219,C8(+/-3mm)-C3(+/-3mm)
19566,175,14,0-110,21294,21195,18,6,68128,C8(+/-3mm)-C3(+/-3mm)
19567,150,14,0-110,21294,21195,18,6,26625,C8(+/-3mm)-C3(+/-3mm)
19568,150,14,0-110,21294,21195,18,6,41956,C8(+/-3mm)-C3(+/-3mm)
19569,150,14,0-110,21294,21195,18,6,55668,C8(+/-3mm)-C3(+/-3mm)
19570,120,14,0-110,21294,21195,18,6,78418,C8(+/-3mm)-C3(+/-3mm)
19571,120,14,0-110,21294,21195,18,6,42093,--
19573,100,14,0-110,21294,21195,18,6,46196,--
19574,80,14,0-110,21306,21195,18,6,94599,"Note, table measurement shifted slightly; Gui Crash"
19575,80,14,0-110,21306,21190,18,6,26543,
19577,60,14,0-110,21306,21190,18,6,43644,--
19578,40,14,0-110,21306,21190,18,6,120570,--
19579,30,14,0-110,21306,21190,18,6,14715,Gui Crash
19581,30,14,0-110,21306,21190,18,6,42023,--
19582,20,14,0-110,21306,21190,18,6,13473,Gui Crash
19583,20,14,0-110,21306,21190,18,6,108688,--
19584,225,14,0-110,21306,21190,18,6,3001,Gui Crash
19585,225,14,0-110,21306,21190,18,6,556,Gui Crash
19586,225,14,0-110,21306,21190,18,6,10961,Stopped and switched to 250 to check its rate
19587,250,14,0-110,21306,21190,18,6,57907,"Gui Crash, better rate ~13-14 Hz"
19588,250,14,0-110,21306,21190,18,6,10560,Gui Crash
19589,250,14,0-110,21306,21190,18,6,4,Gui Crash
19590,250,14,0-110,21306,21190,18,6,43k,Gui crashed
19591,225,14,0-110,21306,21190,18,6,2k,Gui crashed (BCP)
19592,225,14,0-110,21306,21190,18,6,2.5k,Gui crashed (EB)
19593,225,14,0-110,21306,21190,18,6,4.6k,Gui crashed (EB)
19594,225,14,0-110,21306,21190,18,6,6.7k,Gui crashed (unknown)
19616,225,14,0-110,21306,21190,18,6,1.2k,"crash, don't trust laser spills"
19618,225,14,0-110,21306,21190,18,6,2.1k,"crash, don't trust laser spills"
19619,225,14,0-110,21306,21190,18,6,0.8,"crash, don't trust laser spills"
19626,250,14,0-110,21306,21190,18,6,21000,Physics Run
19632,225,14,0-110,21306,21190,18,6,7000,
19633,225,14,0-110,21306,21190,18,6,23000,
19636,225,14,0-110,21306,21190,18,6,535,Gui Crash
19637,225,14,0-110,21306,21190,18,6,5200,Gui Crash
19638,225,14,0-110,21306,21190,18,6,4001,Gui Crash
19639,225,14,0-110,21306,21190,18,6,1964,Gui Crash
19640,225,14,0-110,21306,21190,18,6,6524,Gui Crash
19641,225,14,0-110,21306,21190,18,6,11213,Gui Crash
19643,225,14,0-110,21299,21191,18,6,3533,gui crash
19646,100,42,1-014,73827,21242,53,6,55036,"gui crashed This run is 100 GeV, not 225 GeV, we forgot to update the Beam Energy to 100 GeV in the DAQ"
19647,100,42,1-014,73827,21242,53,6,23782,gui crashed
19648,100,42,1-014,73827,21242,53,6,24916,gui crashed - I missed the number of bad spills
19649,100,42,1-014,73827,21242,53,6,20291,gui crashed
19650,80,42,1-014,73827,21242,53,6,109077,run stopped - no beam from PSB
19651,80,42,1-014,73827,21242,53,6,644,run stopped - no beam from PSB (it seemed to be working again but no...)
19669,80,42,1-014,73827,21242,53,6,16672,
19670,60,42,0-110,73827,21241,53,6,79000,
19671,60,42,0-110,73827,21241,53,6,13245,
19673,60,42,0-110,73827,21241,53,6,25000,
19674,40,42,0-110,73827,21241,53,6,121000,
19675,30,42,0-110,73827,21241,53,6,125000,
19676,20,42,0-110,73827,21241,53,6,121000,
19677,120,42,0-110,73827,21241,53,6,5000,
19678,120,42,0-110,73827,21241,53,6,38000,
19679,120,42,0-110,73827,21241,53,6,86000,
19680,150,42,0-110,73827,21241,53,6,55000,
19681,150,42,0-110,73827,21241,53,6,81468,--
19682,175,42,0-110,73827,21241,53,6,42982,Gui Crash
19683,175,42,0-110,73827,21241,53,6,54682,Gui Crash
19684,175,42,0-110,73827,21241,53,6,26740,
19685,200,42,0-110,73827,21241,53,6,66698,Gui Crash
19686,200,42,0-110,73827,21241,53,6,49494,Gui Crash
19687,200,42,0-110,73827,21241,53,6,6167,
19691,250,42,0-110,73827,21241,53,6,179,Crash
19692,250,42,0-110,73827,21241,53,6,60231,
19693,225,42,0-110,73827,21241,53,6,1225,Crash
19694,225,42,0-110,73827,21241,53,6,5163,Crash
19695,225,42,0-110,73827,21241,53,6,15122,Crash
19696,225,42,0-110,73827,21241,53,6,7961,Crash
19697,225,42,0-110,73827,21241,53,6,1518,Crash
19698,225,42,0-110,73827,21241,53,6,3701,Crash
19699,225,42,0-110,73827,21241,53,6,2433,Crash
19700,225,42,0-110,73827,21241,53,6,11820,Crash
19701,225,42,0-110,73827,21241,53,6,100,Crash
19702,225,42,0-110,73827,21241,53,6,40,Beam went down
19703,225,42,0-110,73827,21241,53,6,3390,Crash
19704,225,42,0-110,73827,21241,53,6,1336,Beam went down
19706,225,42,0-110,73827,21241,53,6,1567,Beam went down and crash
19707,225,42,0-110,73827,21241,53,6,2283,"LHC Fill, Error"
19708,225,42,0-110,73827,21241,53,6,2092,Crash
19709,225,42,0-110,73827,21241,53,6,2138,
19710,225,42,0-110,73827,21241,53,6,6331,Crash
19711,225,42,0-110,73827,21241,53,6,1149,
19713,250,42,1-014,73827,21242,53,6,10518,Reached target number of events
19715,20,42,0-110,21284,20253,18,6,31001,error
19716,20,42,0-110,21284,20253,18,6,123,Beam from SPS stopped
19721,20,42,0-110,21284,20253,18,6,72107,error
19722,20,42,0-110,21284,20253,18,6,19782,stopped to change beam energy
19723,40,42,0-110,21284,20253,18,6,23745,error and no beam
19724,40,42,0-110,21284,20253,18,6,99749,stopped to change beam energy
19725,100,42,0-110,21284,20253,18,6,121834,stopped to change beam energy
19726,150,42,0-110,21284,20253,18,6,43778,Error and No BEAM from SPS
19871,40,42,1-014,74225,20949,53,6,124k,ok
19874,20,42,1-014,74005,21355,53,6,119k,"ok, beam seems to be clean again"
19878,20,42,1-014,73966,20165,53,6,62k,ok
19879,20,42,1-014,73694,20752,53,6,72k,"ok, good position, GUI crashed"
19880,20,42,1-014,73694,20752,53,6,51k,ok
19884,20,42,1-014,74690,20751,53,6,115k,ok
19915,80,14,0-110,21104,21483,18,6,26323,
19936,80,14,0-110,21104,21483,18,6,14k,Collimator Scan: collimator 3mm
19937,80,14,0-110,21104,21483,18,6,114K,Collimator Scan: collimator 3mm
19938,80,14,0-110,21104,21483,18,6,84K,Collimator Scan: collimator 5mm
19939,80,14,0-110,21104,21483,18,6,94K,Collimator Scan: collimator 10mm
19940,80,14,0-110,21104,21483,18,6,57K,Collimator Scan: collimator 15mm
19941,80,14,0-110,21104,21483,18,6,34K,Collimator Scan: collimator 15mm
19942,150,14,0-110,21104,21483,18,6,80K,Collimator Scan: collimator 3mm
19943,150,14,0-110,21104,21483,18,6,22K,Collimator Scan: collimator 5mm
19944,150,14,0-110,21104,21483,18,6,43k,Collimator Scan: collimator 5mm
19945,150,14,0-110,21104,21483,18,6,16K,Collimator Scan: collimator 5mm
19946,150,14,0-110,21104,21483,18,6,40K,Collimator Scan: collimator 10mm
